[
    {
        "employee_id": 45,
        "organization_id": 5,
        "organization_entity_id": null,
        "employee_code": "266",
        "first_name": "Piyush",
        "middle_name": null,
        "last_name": "Chohan",
        "date_of_birth": "2006-07-30T00:00:00.000000Z",
        "gender": "Male",
        "marital_status": "Single",
        "profile_image_url": null,
        "organization_unit_id": null,
        "organization_department_location_id": 23,
        "organization_designation_id": 25,
        "organization_employment_type_id": 14,
        "organization_work_model_id": 16,
        "organization_work_shift_id": null,
        "organization_employment_status_id": 19,
        "date_of_joining": "2025-05-12T00:00:00.000000Z",
        "reporting_manager_id": null,
        "organization_user_id": null,
        "created_at": "2025-08-05T05:59:33.000000Z",
        "updated_at": "2025-08-05T05:59:33.000000Z",
        "designation": {
            "organization_designation_id": 25,
            "organization_id": 5,
            "organization_entity_id": null,
            "designation_name": "Account Executive",
            "designation_short_name": "AE",
            "organization_department_id": 39,
            "created_at": "2025-08-05T05:15:18.000000Z",
            "updated_at": "2025-08-05T05:15:18.000000Z"
        },
        "employemnettype": {
            "organization_employment_type_id": 14,
            "organization_id": 5,
            "organization_entity_id": null,
            "organization_configuration_template_id": 4,
            "employment_type_name": "Part-Time",
            "created_by": "template",
            "created_at": "2025-08-01T07:54:59.000000Z",
            "updated_at": "2025-08-01T07:54:59.000000Z"
        },
        "workshift": null,
        "department_location": [
            {
                "organization_department_location_id": 23,
                "organization_id": 5,
                "organization_entity_id": null,
                "organization_location_id": 4,
                "organization_department_id": 39,
                "created_at": "2025-08-05T05:14:28.000000Z",
                "updated_at": "2025-08-05T05:14:28.000000Z",
                "department": {
                    "organization_department_id": 39,
                    "organization_id": 5,
                    "organization_entity_id": null,
                    "department_name": "Finance & Accounts",
                    "department_short_name": "Fin & Acc",
                    "description": null,
                    "department_mail_id": null,
                    "department_employees_count": null,
                    "created_at": "2025-08-05T05:14:28.000000Z",
                    "updated_at": "2025-08-05T05:14:28.000000Z"
                }
            }
        ]
    },
    {
        "employee_id": 44,
        "organization_id": 5,
        "organization_entity_id": null,
        "employee_code": "101",
        "first_name": "Anuj",
        "middle_name": null,
        "last_name": "Khanna",
        "date_of_birth": "1983-05-31T00:00:00.000000Z",
        "gender": "Male",
        "marital_status": "Married",
        "profile_image_url": null,
        "organization_unit_id": null,
        "organization_department_location_id": 21,
        "organization_designation_id": 27,
        "organization_employment_type_id": 13,
        "organization_work_model_id": 16,
        "organization_work_shift_id": null,
        "organization_employment_status_id": 19,
        "date_of_joining": "2001-02-28T00:00:00.000000Z",
        "reporting_manager_id": null,
        "organization_user_id": null,
        "created_at": "2025-08-05T05:58:19.000000Z",
        "updated_at": "2025-08-05T06:17:02.000000Z",
        "designation": {
            "organization_designation_id": 27,
            "organization_id": 5,
            "organization_entity_id": null,
            "designation_name": "Director",
            "designation_short_name": "Dir.",
            "organization_department_id": 37,
            "created_at": "2025-08-05T05:16:34.000000Z",
            "updated_at": "2025-08-05T05:16:34.000000Z"
        },
        "employemnettype": {
            "organization_employment_type_id": 13,
            "organization_id": 5,
            "organization_entity_id": null,
            "organization_configuration_template_id": 4,
            "employment_type_name": "Full-Time",
            "created_by": "template",
            "created_at": "2025-08-01T07:54:59.000000Z",
            "updated_at": "2025-08-01T07:54:59.000000Z"
        },
        "workshift": null,
        "department_location": [
            {
                "organization_department_location_id": 21,
                "organization_id": 5,
                "organization_entity_id": null,
                "organization_location_id": 4,
                "organization_department_id": 37,
                "created_at": "2025-08-05T05:13:49.000000Z",
                "updated_at": "2025-08-05T05:13:49.000000Z",
                "department": {
                    "organization_department_id": 37,
                    "organization_id": 5,
                    "organization_entity_id": null,
                    "department_name": "Management",
                    "department_short_name": "Mng",
                    "description": null,
                    "department_mail_id": null,
                    "department_employees_count": null,
                    "created_at": "2025-08-05T05:13:49.000000Z",
                    "updated_at": "2025-08-05T05:13:49.000000Z"
                }
            }
        ]
    },
    {
        "employee_id": 43,
        "organization_id": 5,
        "organization_entity_id": null,
        "employee_code": "212",
        "first_name": "Nancy",
        "middle_name": null,
        "last_name": "Khanna",
        "date_of_birth": "1989-01-03T00:00:00.000000Z",
        "gender": "Female",
        "marital_status": "Married",
        "profile_image_url": null,
        "organization_unit_id": null,
        "organization_department_location_id": 21,
        "organization_designation_id": 27,
        "organization_employment_type_id": 13,
        "organization_work_model_id": 16,
        "organization_work_shift_id": null,
        "organization_employment_status_id": 19,
        "date_of_joining": "2015-08-05T00:00:00.000000Z",
        "reporting_manager_id": null,
        "organization_user_id": null,
        "created_at": "2025-08-05T05:56:23.000000Z",
        "updated_at": "2025-08-05T05:56:23.000000Z",
        "designation": {
            "organization_designation_id": 27,
            "organization_id": 5,
            "organization_entity_id": null,
            "designation_name": "Director",
            "designation_short_name": "Dir.",
            "organization_department_id": 37,
            "created_at": "2025-08-05T05:16:34.000000Z",
            "updated_at": "2025-08-05T05:16:34.000000Z"
        },
        "employemnettype": {
            "organization_employment_type_id": 13,
            "organization_id": 5,
            "organization_entity_id": null,
            "organization_configuration_template_id": 4,
            "employment_type_name": "Full-Time",
            "created_by": "template",
            "created_at": "2025-08-01T07:54:59.000000Z",
            "updated_at": "2025-08-01T07:54:59.000000Z"
        },
        "workshift": null,
        "department_location": [
            {
                "organization_department_location_id": 21,
                "organization_id": 5,
                "organization_entity_id": null,
                "organization_location_id": 4,
                "organization_department_id": 37,
                "created_at": "2025-08-05T05:13:49.000000Z",
                "updated_at": "2025-08-05T05:13:49.000000Z",
                "department": {
                    "organization_department_id": 37,
                    "organization_id": 5,
                    "organization_entity_id": null,
                    "department_name": "Management",
                    "department_short_name": "Mng",
                    "description": null,
                    "department_mail_id": null,
                    "department_employees_count": null,
                    "created_at": "2025-08-05T05:13:49.000000Z",
                    "updated_at": "2025-08-05T05:13:49.000000Z"
                }
            }
        ]
    },
    {
        "employee_id": 42,
        "organization_id": 5,
        "organization_entity_id": null,
        "employee_code": "261",
        "first_name": "Rajesh",
        "middle_name": null,
        "last_name": "Gupta",
        "date_of_birth": "1974-10-09T00:00:00.000000Z",
        "gender": "Male",
        "marital_status": "Married",
        "profile_image_url": null,
        "organization_unit_id": null,
        "organization_department_location_id": 20,
        "organization_designation_id": 28,
        "organization_employment_type_id": 13,
        "organization_work_model_id": 16,
        "organization_work_shift_id": null,
        "organization_employment_status_id": 19,
        "date_of_joining": "2025-01-06T00:00:00.000000Z",
        "reporting_manager_id": null,
        "organization_user_id": null,
        "created_at": "2025-08-05T05:54:03.000000Z",
        "updated_at": "2025-08-05T05:54:03.000000Z",
        "designation": {
            "organization_designation_id": 28,
            "organization_id": 5,
            "organization_entity_id": null,
            "designation_name": "Operations Manager",
            "designation_short_name": "OM",
            "organization_department_id": 36,
            "created_at": "2025-08-05T05:17:11.000000Z",
            "updated_at": "2025-08-05T05:17:11.000000Z"
        },
        "employemnettype": {
            "organization_employment_type_id": 13,
            "organization_id": 5,
            "organization_entity_id": null,
            "organization_configuration_template_id": 4,
            "employment_type_name": "Full-Time",
            "created_by": "template",
            "created_at": "2025-08-01T07:54:59.000000Z",
            "updated_at": "2025-08-01T07:54:59.000000Z"
        },
        "workshift": null,
        "department_location": [
            {
                "organization_department_location_id": 20,
                "organization_id": 5,
                "organization_entity_id": null,
                "organization_location_id": 4,
                "organization_department_id": 36,
                "created_at": "2025-08-05T05:13:33.000000Z",
                "updated_at": "2025-08-05T05:13:33.000000Z",
                "department": {
                    "organization_department_id": 36,
                    "organization_id": 5,
                    "organization_entity_id": null,
                    "department_name": "Operations",
                    "department_short_name": "Ops",
                    "description": null,
                    "department_mail_id": null,
                    "department_employees_count": null,
                    "created_at": "2025-08-05T05:13:33.000000Z",
                    "updated_at": "2025-08-05T05:13:33.000000Z"
                }
            }
        ]
    },
    {
        "employee_id": 41,
        "organization_id": 5,
        "organization_entity_id": null,
        "employee_code": "264",
        "first_name": "Bhavesh",
        "middle_name": null,
        "last_name": "Uppal",
        "date_of_birth": "2002-11-02T00:00:00.000000Z",
        "gender": "Male",
        "marital_status": "Single",
        "profile_image_url": null,
        "organization_unit_id": null,
        "organization_department_location_id": 19,
        "organization_designation_id": 30,
        "organization_employment_type_id": 13,
        "organization_work_model_id": 16,
        "organization_work_shift_id": null,
        "organization_employment_status_id": 19,
        "date_of_joining": "2025-04-01T00:00:00.000000Z",
        "reporting_manager_id": null,
        "organization_user_id": null,
        "created_at": "2025-08-05T05:51:19.000000Z",
        "updated_at": "2025-08-05T05:51:19.000000Z",
        "designation": {
            "organization_designation_id": 30,
            "organization_id": 5,
            "organization_entity_id": null,
            "designation_name": "Associate System Engineer",
            "designation_short_name": "ASE",
            "organization_department_id": 35,
            "created_at": "2025-08-05T05:18:00.000000Z",
            "updated_at": "2025-08-05T05:18:00.000000Z"
        },
        "employemnettype": {
            "organization_employment_type_id": 13,
            "organization_id": 5,
            "organization_entity_id": null,
            "organization_configuration_template_id": 4,
            "employment_type_name": "Full-Time",
            "created_by": "template",
            "created_at": "2025-08-01T07:54:59.000000Z",
            "updated_at": "2025-08-01T07:54:59.000000Z"
        },
        "workshift": null,
        "department_location": [
            {
                "organization_department_location_id": 19,
                "organization_id": 5,
                "organization_entity_id": null,
                "organization_location_id": 4,
                "organization_department_id": 35,
                "created_at": "2025-08-05T05:07:09.000000Z",
                "updated_at": "2025-08-05T05:07:09.000000Z",
                "department": {
                    "organization_department_id": 35,
                    "organization_id": 5,
                    "organization_entity_id": null,
                    "department_name": "Information Technology",
                    "department_short_name": "IT",
                    "description": null,
                    "department_mail_id": null,
                    "department_employees_count": null,
                    "created_at": "2025-08-05T05:07:09.000000Z",
                    "updated_at": "2025-08-05T05:07:09.000000Z"
                }
            }
        ]
    },
    {
        "employee_id": 40,
        "organization_id": 5,
        "organization_entity_id": null,
        "employee_code": "263",
        "first_name": "Bhavika",
        "middle_name": null,
        "last_name": "Sharma",
        "date_of_birth": "2002-06-24T00:00:00.000000Z",
        "gender": "Female",
        "marital_status": "Single",
        "profile_image_url": null,
        "organization_unit_id": null,
        "organization_department_location_id": 19,
        "organization_designation_id": 30,
        "organization_employment_type_id": 13,
        "organization_work_model_id": 16,
        "organization_work_shift_id": 1,
        "organization_employment_status_id": 19,
        "date_of_joining": "2025-04-01T00:00:00.000000Z",
        "reporting_manager_id": null,
        "organization_user_id": null,
        "created_at": "2025-08-05T05:49:44.000000Z",
        "updated_at": "2025-08-05T08:45:30.000000Z",
        "designation": {
            "organization_designation_id": 30,
            "organization_id": 5,
            "organization_entity_id": null,
            "designation_name": "Associate System Engineer",
            "designation_short_name": "ASE",
            "organization_department_id": 35,
            "created_at": "2025-08-05T05:18:00.000000Z",
            "updated_at": "2025-08-05T05:18:00.000000Z"
        },
        "employemnettype": {
            "organization_employment_type_id": 13,
            "organization_id": 5,
            "organization_entity_id": null,
            "organization_configuration_template_id": 4,
            "employment_type_name": "Full-Time",
            "created_by": "template",
            "created_at": "2025-08-01T07:54:59.000000Z",
            "updated_at": "2025-08-01T07:54:59.000000Z"
        },
        "workshift": {
            "organization_work_shift_id": 1,
            "organization_id": 5,
            "organization_entity_id": null,
            "organization_work_shift_type_id": 19,
            "organization_location_id": 4,
            "work_shift_name": "Shift 1",
            "work_shift_start_time": "09:00:00",
            "work_shift_end_time": "18:00:00",
            "break_duration_minutes": 60,
            "is_active": 1,
            "created_at": "2025-08-01T08:27:01.000000Z",
            "updated_at": "2025-08-01T08:27:01.000000Z"
        },
        "department_location": [
            {
                "organization_department_location_id": 19,
                "organization_id": 5,
                "organization_entity_id": null,
                "organization_location_id": 4,
                "organization_department_id": 35,
                "created_at": "2025-08-05T05:07:09.000000Z",
                "updated_at": "2025-08-05T05:07:09.000000Z",
                "department": {
                    "organization_department_id": 35,
                    "organization_id": 5,
                    "organization_entity_id": null,
                    "department_name": "Information Technology",
                    "department_short_name": "IT",
                    "description": null,
                    "department_mail_id": null,
                    "department_employees_count": null,
                    "created_at": "2025-08-05T05:07:09.000000Z",
                    "updated_at": "2025-08-05T05:07:09.000000Z"
                }
            }
        ]
    },
    {
        "employee_id": 39,
        "organization_id": 5,
        "organization_entity_id": null,
        "employee_code": "251",
        "first_name": "Muskan",
        "middle_name": null,
        "last_name": "Singh",
        "date_of_birth": "1999-06-25T00:00:00.000000Z",
        "gender": "Female",
        "marital_status": "Single",
        "profile_image_url": null,
        "organization_unit_id": null,
        "organization_department_location_id": 19,
        "organization_designation_id": 29,
        "organization_employment_type_id": 13,
        "organization_work_model_id": 16,
        "organization_work_shift_id": null,
        "organization_employment_status_id": 19,
        "date_of_joining": "2023-01-12T00:00:00.000000Z",
        "reporting_manager_id": null,
        "organization_user_id": null,
        "created_at": "2025-08-05T05:48:08.000000Z",
        "updated_at": "2025-08-05T05:48:08.000000Z",
        "designation": {
            "organization_designation_id": 29,
            "organization_id": 5,
            "organization_entity_id": null,
            "designation_name": "System Engineer",
            "designation_short_name": "SE",
            "organization_department_id": 35,
            "created_at": "2025-08-05T05:17:31.000000Z",
            "updated_at": "2025-08-05T05:17:31.000000Z"
        },
        "employemnettype": {
            "organization_employment_type_id": 13,
            "organization_id": 5,
            "organization_entity_id": null,
            "organization_configuration_template_id": 4,
            "employment_type_name": "Full-Time",
            "created_by": "template",
            "created_at": "2025-08-01T07:54:59.000000Z",
            "updated_at": "2025-08-01T07:54:59.000000Z"
        },
        "workshift": null,
        "department_location": [
            {
                "organization_department_location_id": 19,
                "organization_id": 5,
                "organization_entity_id": null,
                "organization_location_id": 4,
                "organization_department_id": 35,
                "created_at": "2025-08-05T05:07:09.000000Z",
                "updated_at": "2025-08-05T05:07:09.000000Z",
                "department": {
                    "organization_department_id": 35,
                    "organization_id": 5,
                    "organization_entity_id": null,
                    "department_name": "Information Technology",
                    "department_short_name": "IT",
                    "description": null,
                    "department_mail_id": null,
                    "department_employees_count": null,
                    "created_at": "2025-08-05T05:07:09.000000Z",
                    "updated_at": "2025-08-05T05:07:09.000000Z"
                }
            }
        ]
    },
    {
        "employee_id": 38,
        "organization_id": 5,
        "organization_entity_id": null,
        "employee_code": "247",
        "first_name": "Prince",
        "middle_name": null,
        "last_name": "Sharma",
        "date_of_birth": "2000-06-25T00:00:00.000000Z",
        "gender": "Male",
        "marital_status": "Single",
        "profile_image_url": null,
        "organization_unit_id": null,
        "organization_department_location_id": 19,
        "organization_designation_id": 29,
        "organization_employment_type_id": 13,
        "organization_work_model_id": 16,
        "organization_work_shift_id": null,
        "organization_employment_status_id": 19,
        "date_of_joining": "2023-05-16T00:00:00.000000Z",
        "reporting_manager_id": null,
        "organization_user_id": null,
        "created_at": "2025-08-05T05:46:43.000000Z",
        "updated_at": "2025-08-05T05:46:43.000000Z",
        "designation": {
            "organization_designation_id": 29,
            "organization_id": 5,
            "organization_entity_id": null,
            "designation_name": "System Engineer",
            "designation_short_name": "SE",
            "organization_department_id": 35,
            "created_at": "2025-08-05T05:17:31.000000Z",
            "updated_at": "2025-08-05T05:17:31.000000Z"
        },
        "employemnettype": {
            "organization_employment_type_id": 13,
            "organization_id": 5,
            "organization_entity_id": null,
            "organization_configuration_template_id": 4,
            "employment_type_name": "Full-Time",
            "created_by": "template",
            "created_at": "2025-08-01T07:54:59.000000Z",
            "updated_at": "2025-08-01T07:54:59.000000Z"
        },
        "workshift": null,
        "department_location": [
            {
                "organization_department_location_id": 19,
                "organization_id": 5,
                "organization_entity_id": null,
                "organization_location_id": 4,
                "organization_department_id": 35,
                "created_at": "2025-08-05T05:07:09.000000Z",
                "updated_at": "2025-08-05T05:07:09.000000Z",
                "department": {
                    "organization_department_id": 35,
                    "organization_id": 5,
                    "organization_entity_id": null,
                    "department_name": "Information Technology",
                    "department_short_name": "IT",
                    "description": null,
                    "department_mail_id": null,
                    "department_employees_count": null,
                    "created_at": "2025-08-05T05:07:09.000000Z",
                    "updated_at": "2025-08-05T05:07:09.000000Z"
                }
            }
        ]
    },
    {
        "employee_id": 37,
        "organization_id": 5,
        "organization_entity_id": null,
        "employee_code": "258",
        "first_name": "Samridhi",
        "middle_name": null,
        "last_name": "Sharma",
        "date_of_birth": "2001-03-13T00:00:00.000000Z",
        "gender": "Female",
        "marital_status": "Single",
        "profile_image_url": null,
        "organization_unit_id": null,
        "organization_department_location_id": 22,
        "organization_designation_id": 26,
        "organization_employment_type_id": 13,
        "organization_work_model_id": 16,
        "organization_work_shift_id": null,
        "organization_employment_status_id": 19,
        "date_of_joining": "2024-09-01T00:00:00.000000Z",
        "reporting_manager_id": null,
        "organization_user_id": null,
        "created_at": "2025-08-05T05:19:32.000000Z",
        "updated_at": "2025-08-05T05:19:32.000000Z",
        "designation": {
            "organization_designation_id": 26,
            "organization_id": 5,
            "organization_entity_id": null,
            "designation_name": "Account Manager",
            "designation_short_name": "AM",
            "organization_department_id": 38,
            "created_at": "2025-08-05T05:15:47.000000Z",
            "updated_at": "2025-08-05T05:15:47.000000Z"
        },
        "employemnettype": {
            "organization_employment_type_id": 13,
            "organization_id": 5,
            "organization_entity_id": null,
            "organization_configuration_template_id": 4,
            "employment_type_name": "Full-Time",
            "created_by": "template",
            "created_at": "2025-08-01T07:54:59.000000Z",
            "updated_at": "2025-08-01T07:54:59.000000Z"
        },
        "workshift": null,
        "department_location": [
            {
                "organization_department_location_id": 22,
                "organization_id": 5,
                "organization_entity_id": null,
                "organization_location_id": 4,
                "organization_department_id": 38,
                "created_at": "2025-08-05T05:14:11.000000Z",
                "updated_at": "2025-08-05T05:14:11.000000Z",
                "department": {
                    "organization_department_id": 38,
                    "organization_id": 5,
                    "organization_entity_id": null,
                    "department_name": "Accounts (Client Servicing)",
                    "department_short_name": "ACC",
                    "description": null,
                    "department_mail_id": null,
                    "department_employees_count": null,
                    "created_at": "2025-08-05T05:14:11.000000Z",
                    "updated_at": "2025-08-05T05:14:11.000000Z"
                }
            }
        ]
    },
    {
        "employee_id": 3,
        "organization_id": 5,
        "organization_entity_id": null,
        "employee_code": "262",
        "first_name": "Verkha",
        "middle_name": null,
        "last_name": "Arora",
        "date_of_birth": "2000-05-05T00:00:00.000000Z",
        "gender": "Female",
        "marital_status": "Married",
        "profile_image_url": "uploads/employees/Rz2F7NFtVrFvSI6KhjdccVfodNA9rjwiy4QcghpI.jpg",
        "organization_unit_id": null,
        "organization_department_location_id": 3,
        "organization_designation_id": 3,
        "organization_employment_type_id": 13,
        "organization_work_model_id": 16,
        "organization_work_shift_id": null,
        "organization_employment_status_id": 19,
        "date_of_joining": "2025-01-27T00:00:00.000000Z",
        "reporting_manager_id": null,
        "organization_user_id": null,
        "created_at": "2025-08-01T08:24:09.000000Z",
        "updated_at": "2025-08-05T05:04:52.000000Z",
        "designation": {
            "organization_designation_id": 3,
            "organization_id": 5,
            "organization_entity_id": null,
            "designation_name": "Human Resource Executive",
            "designation_short_name": "HRE",
            "organization_department_id": 3,
            "created_at": "2025-08-01T08:01:12.000000Z",
            "updated_at": "2025-08-01T08:01:12.000000Z"
        },
        "employemnettype": {
            "organization_employment_type_id": 13,
            "organization_id": 5,
            "organization_entity_id": null,
            "organization_configuration_template_id": 4,
            "employment_type_name": "Full-Time",
            "created_by": "template",
            "created_at": "2025-08-01T07:54:59.000000Z",
            "updated_at": "2025-08-01T07:54:59.000000Z"
        },
        "workshift": null,
        "department_location": [
            {
                "organization_department_location_id": 3,
                "organization_id": 5,
                "organization_entity_id": null,
                "organization_location_id": 4,
                "organization_department_id": 3,
                "created_at": "2025-08-01T08:00:43.000000Z",
                "updated_at": "2025-08-01T08:00:43.000000Z",
                "department": {
                    "organization_department_id": 3,
                    "organization_id": 5,
                    "organization_entity_id": null,
                    "department_name": "Human Resource",
                    "department_short_name": "HR",
                    "description": null,
                    "department_mail_id": "hr@nspl.co.in",
                    "department_employees_count": null,
                    "created_at": "2025-08-01T08:00:43.000000Z",
                    "updated_at": "2025-08-01T08:00:43.000000Z"
                }
            }
        ]
    }
]